Domain	Error
www.repo.funde.org	90
data.linkedmdb.org	127
eprs.mdp.ac.id	6
thefigtrees.net	1
www.uniprot.org	13
d-nb.info	16830
pub.epsilon.slu.se	101
sensormeasurement.appspot.com	1
kar.k.ac.uk	535
data.open.ac.uk	4921
depot.knaw.nl	121
chrissutton.org	1
www.johngoodwin.me.uk	1
amsacta.unibo.it	38
resex.rkbexplorer.com	8
eprs.fri.uni-lj.si	2
epub.uni-regensburg.de	732
eprs.ums.ac.id	63
logd.tw.rpi.edu	10
repository.unand.ac.id	856
orca.cf.ac.uk	755
repository.wit.ie	15
business.data.gov.uk	32
repository.ubaya.ac.id	25
etheses.saurashtrauniversity.edu	10
oar.icrisat.org	146
gdea.informatik.uni-koeln.de	14
www.w3.org	2
ghodata	1
eprs.zu.edu.ua	11
data.dev8d.org	28
eprs.sdu.edu.tr	3
eprs.kingston.ac.uk	445
ulm.rkbexplorer.com	1
dotac.rkbexplorer.com	42545
pf-mh.uvt.rnu.tn	14
id.ecs.soton.ac.uk	83
lod.taxonconcept.org	18
eprs.oa.edu.ua	4
eprs.uwe.ac.uk	661
www.edshare.soton.ac.uk	6
epub.ub.uni-muenchen.de	47
bbc.co.uk	12
ibm.rkbexplorer.com	44
chem2bio2rdf.org	11
alphajuliet.com	1
id.southampton.ac.uk	5
eprs.lib.ui.ac.id	64
epub.wu.ac.at	9
id.loc.gov	2965
research-archive.liv.ac.uk	5
pefprs.pef.uni-lj.si	6
openlibrary.org	252
eprs.hud.ac.uk	429
repo.isi-dps.ac.id	23
wiki.rkbexplorer.com	1
citeseer.rkbexplorer.com	20079
aquaticcommons.org	57
rae2001.rkbexplorer.com	9635
eprs.port.ac.uk	43
data.nytimes.com	213
graph.facebook.com	1
campus.unibo.it	1189
www.zora.uzh.ch	482
data.ordnancesurvey.co.uk	2
purl.uniprot.org	1196
constellation.uqac.ca	9
acm.rkbexplorer.com	12925
researcharchive.wec.ac.nz	39
www.geonames.org	5
eprs.ru.ac.za	12
isapapers.pitt.edu	1
nuts.psi.enakting.org	21
caur.reading.ac.uk	550
dblp.rkbexplorer.com	442458
species.geospecies.org	39
demo.semic-web.at	1
dbtropes.org	7915
eprs.uthm.edu.my	76
data.bibsys.no	7907
transport.data.gov.uk	75
philsci-archive.pitt.edu	166
opendepot.org	34
ualresearchonline.arts.ac.uk	80
kisti.rkbexplorer.com	4279
opus.bath.ac.uk	686
eprs.sunan-ampel.ac.id	13
sure.sunderland.ac.uk	97
eprs.soton.ac.uk	26330
eprs.ibu.edu.ba	28
porto.polito.it	3139
nulan.mdp.edu.ar	189
oro.open.ac.uk	635
eprs-godo.gold.ac.uk	10
b4mad.net	1
quotationsbook.com	18
www4.wiwiss.fu-berlin.de	11337
eprs.biblio.unitn.it	22
eprs.rkbexplorer.com	36065
eprs.arums.ac.ir	5
oai.rkbexplorer.com	55329
eprs.covenuniversity.edu.ng	26
umbel.org	446
eprs.lse.ac.uk	1220
epsrc.rkbexplorer.com	5
health-equity.pitt.edu	10
sws.geonames.org	17988
History:	154
vuir.vu.edu.au	135
data.archiveshub.ac.uk	14
repository.nms.ac.uk	7
eprs.gold.ac.uk	199
southampton.rkbexplorer.com	5025
wrap.warwick.ac.uk	1274
eprs.binus.ac.id	174
aims.fao.org	40
archiviomarini.sp.unipi.it	6
semwebdev.keithalexander.co.uk	1
ru.iiec.unam.mx	16
downlode.org	1
eprs.gla.ac.uk	1129
jisc.rkbexplorer.com	1059
ookaboo.com	88
rdf.freebase.com	4794
ieee.rkbexplorer.com	36
clok.uclan.ac.uk	105
e-ait.tlulib.ee	1
shura.shu.ac.uk	92
eprs.uanl.mx	17
eprs.ncrm.ac.uk	139
dblp.l3s.de	24828
scholarship.utm.edu	4
nectar.northampton.ac.uk	127
stud.epsilon.slu.se	7
dbtune.org	129419
cogprs.org	130
inkel.dnsalias.org	1
www.google.com	1
openaccess.city.ac.uk	6
epapers.bham.ac.uk	11
lexvo.org	5
zitgist.com	481
d-scholarship.pitt.edu	77
tukart.ulb.tu-darmstadt.de	10
telegraphis.net	3
bio2rdf.org	202791
nsf.rkbexplorer.com	191
eprs.ecs.soton.ac.uk	5076
purl.org	835
eprs.kfupm.edu.sa	642
gala.gre.ac.uk	142
lod.geospecies.org	38
idi.ca	3
periodicals.dataincubator.org	28266
newcastle.rkbexplorer.com	28
yago.org	9
kmi.open.ac.uk	1
ribei.org	89
irep.iium.edu.my	458
eprs.qut.edu.au	1305
e-archive.informatik.uni-koeln.de	14
create.cerbury.ac.uk	193
repository.unib.ac.id	2
mpii.de	357
data.semicweb.org	19
repository.edgehill.ac.uk	163
ebooks.ulb.tu-darmstadt.de	395
eprs.iisc.ernet.in	722
http://dbpedia.org/resource/History:	34
revyu.com	1
eprs.uns.ac.id	40
zbw.eu	313
repository.mb.ipb.ac.id	26
Dataset	1
sw.cyc.com	1
researchrepository.napier.ac.uk	66
ri.ues.edu.sv	4
worldbank.270a.info	67
lod.gesis.org	480
simile.mit.edu	1
insight.cumbria.ac.uk	24
stitch.cs.vu.nl	1788
amslaurea.unibo.it	1
openlylocal.com	2
viaf.org	26540
eprs.bournemouth.ac.uk	597
sw.opencyc.org	131600
edtb.euskomedia.org	239
psi.oasis-open.org	5
eprs.unsri.ac.id	4
spectrum.library.concordia.ca	13
archive.lstmliverpool.ac.uk	11
tuprs.ulb.tu-darmstadt.de	7
repository.essex.ac.uk	23
ja.wikipedia.org	1
www.rdfabout.com	1
eprs.ibb.waw.pl	3
www.fao.org	3
openei.org	6
sro.sussex.ac.uk	1107
norman.walsh.name	11
etheses.bham.ac.uk	1
www.bbc.co.uk	35
eprs.nwisrl.ars.usda.gov	48
pisa.rkbexplorer.com	10
data.linkedct.org	1258
nektar.oszk.hu	7
ir.cftri.com	40
semicweb.org	1
real.mtak.hu	5
discogs.dataincubator.org	3
irit.rkbexplorer.com	383
eprs.upnjatim.ac.id	54
id.ndl.go.jp	5226
languagebox.ac.uk	1
eprs.umm.ac.id	103
www.okkam.org	1
vaclav.synacek.com	1
eprs.kname.edu.ua	37
curriculum.rkbexplorer.com	5
cordis.rkbexplorer.com	418
usir.salford.ac.uk	604
eprs.um.edu.my	83
statistics.data.gov.uk	7739
my.opera.com	4921
laas.rkbexplorer.com	47
deploy.rkbexplorer.com	17
opencorporates.com	3
publications.eng.cam.ac.uk	2389
eprs.mdx.ac.uk	83
aei.pitt.edu	33
eprs.adm.unipi.it	9
eprs.wmin.ac.uk	217
dbpedia.org	2663
nrl.northumbria.ac.uk	134
roma.rkbexplorer.com	3
depot-e.uqtr.ca	5
authors.fhcrc.org	1
airports.dataincubator.org	102
simia.net	1
eurecom.rkbexplorer.com	1
oatao.univ-toulouse.fr	95
www.dbpedia.org	16
eprs.lancs.ac.uk	773
sbs.eprs.org	181
medlib.mef.hr	3
researchrepository.murdoch.edu.au	131
repo.uum.edu.my	72
ol.dataincubator.org	252
risks.rkbexplorer.com	1
linkedgeodata.org	13672
eprs.bham.ac.uk	16
repository.alt.ac.uk	17
