File	Error
pisa.rkbexplorer.com---dblp.rkbexplorer.com.nt	1
nectar.northampton.ac.uk---nectar.northampton.ac.uk.nt	124
airports.dataincubator.org---dbpedia.org.nt	102
authors.fhcrc.org---authors.fhcrc.org.nt	1
linkedgeodata.org---dbpedia.org.nt	5
wiki.rkbexplorer.com---eprints.rkbexplorer.com.nt	1
sw.opencyc.org---sw.cyc.com.nt	2
eprints.wmin.ac.uk---eprints.wmin.ac.uk.nt	216
dbpedia.org---umbel.org.nt	359
eprints.rkbexplorer.com---acm.rkbexplorer.com.nt	1
dblp.rkbexplorer.com---eprints.soton.ac.uk.nt	6
positive(78).nt	4
eprints.qut.edu.au---oro.open.ac.uk.nt	2
positive(86).nt	1
kar.kent.ac.uk---eprints.kingston.ac.uk.nt	1
dblp.rkbexplorer.com---data.semanticweb.org.nt	30
isapapers.pitt.edu---isapapers.pitt.edu.nt	1
eprints.kingston.ac.uk---eprints.wmin.ac.uk.nt	1
jisc.rkbexplorer.com---jisc.rkbexplorer.com.nt	1058
os.rkbexplorer.com---www.okkam.org.nt	1
newcastle.rkbexplorer.com---citeseer.rkbexplorer.com.nt	5
chem2bio2rdf.org---www4.wiwiss.fu-berlin.de.nt	4623
id.southampton.ac.uk---eprints.rkbexplorer.com.nt	2
citeseer.rkbexplorer.com---dblp.rkbexplorer.com.nt	1
insight.cumbria.ac.uk---insight.cumbria.ac.uk.nt	24
id.ndl.go.jp---id.loc.gov.nt	261
research-archive.liv.ac.uk---research-archive.liv.ac.uk.nt	5
dotac.rkbexplorer.com---irit.rkbexplorer.com.nt	9
newcastle.rkbexplorer.com---eprints.ecs.soton.ac.uk.nt	1
ribei.org---www.repo.funde.org.nt	104
positive(115).nt	5
scholarship.utm.edu---scholarship.utm.edu.nt	4
curriculum.rkbexplorer.com---acm.rkbexplorer.com.nt	8
wiki.rkbexplorer.com---wiki.rkbexplorer.com.nt	1
logd.tw.rpi.edu---dbpedia.org.nt	9
kar.kent.ac.uk---kar.kent.ac.uk.nt	535
eprints.ecs.soton.ac.uk---eprints.ecs.soton.ac.uk.nt	751
roma.rkbexplorer.com---oai.rkbexplorer.com.nt	2
southampton.rkbexplorer.com---id.ecs.soton.ac.uk.nt	26
acm.rkbexplorer.com---eprints.rkbexplorer.com.nt	133
curriculum.rkbexplorer.com---oai.rkbexplorer.com.nt	1
dbpedia.org---sw.opencyc.org.nt	214
dbpedia.org---purl.org.nt	889
curriculum.rkbexplorer.com---ieee.rkbexplorer.com.nt	1
eprints.uwe.ac.uk---eprints.uwe.ac.uk.nt	661
eprints.covenantuniversity.edu.ng---eprints.covenantuniversity.edu.ng.nt	26
oai.rkbexplorer.com---courseware.rkbexplorer.com.nt	1
campus.unibo.it---campus.unibo.it.nt	1189
usir.salford.ac.uk---oro.open.ac.uk.nt	2
lod.taxonconcept.org---lod.geospecies.org.nt	15
repository.wit.ie---repository.wit.ie.nt	15
southampton.rkbexplorer.com---oai.rkbexplorer.com.nt	245
d-nb.info---stitch.cs.vu.nl.nt	3943
ibm.rkbexplorer.com---kisti.rkbexplorer.com.nt	16
oai.rkbexplorer.com---dotac.rkbexplorer.com.nt	8673
id.ndl.go.jp---viaf.org.nt	1
data.linkedct.org---bio2rdf.org.nt	21
vuir.vu.edu.au---vuir.vu.edu.au.nt	135
rae2001.rkbexplorer.com---citeseer.rkbexplorer.com.nt	156
repository.edgehill.ac.uk---repository.edgehill.ac.uk.nt	163
yagoDBpediaInstances(1).nt	188
eprints.ibb.waw.pl---eprints.ibb.waw.pl.nt	3
purl.uniprot.org---purl.uniprot.org.nt	1179
ibm.rkbexplorer.com---oai.rkbexplorer.com.nt	16
e-archive.informatik.uni-koeln.de---e-archive.informatik.uni-koeln.de.nt	14
chem2bio2rdf.org---bio2rdf.org.nt	11
repository.unand.ac.id---repository.unand.ac.id.nt	856
researcharchive.wintec.ac.nz---researcharchive.wintec.ac.nz.nt	39
eprints.um.edu.my---eprints.um.edu.my.nt	83
www4.wiwiss.fu-berlin.de---www.dbpedia.org.nt	33
courseware.rkbexplorer.com---oai.rkbexplorer.com.nt	1
eprints.uns.ac.id---eprints.uns.ac.id.nt	40
southampton.rkbexplorer.com---citeseer.rkbexplorer.com.nt	46
southampton.rkbexplorer.com---kisti.rkbexplorer.com.nt	37
positive(69).nt	1
oai.rkbexplorer.com---eprints.soton.ac.uk.nt	107
oro.open.ac.uk---eprints.soton.ac.uk.nt	8
eprints.rkbexplorer.com---southampton.rkbexplorer.com.nt	1689
eprints.bournemouth.ac.uk---eprints.soton.ac.uk.nt	1
acm.rkbexplorer.com---citeseer.rkbexplorer.com.nt	775
gdea.informatik.uni-koeln.de---gdea.informatik.uni-koeln.de.nt	14
ir.cftri.com---ir.cftri.com.nt	40
eprints.soton.ac.uk---eprints.soton.ac.uk.nt	14641
budapest.rkbexplorer.com---acm.rkbexplorer.com.nt	4
gala.gre.ac.uk---gala.gre.ac.uk.nt	141
sws.geonames.org---purl.org.nt	7
acm.rkbexplorer.com---eprints.soton.ac.uk.nt	5
positive(72).nt	2
ulm.rkbexplorer.com---acm.rkbexplorer.com.nt	1
cordis.rkbexplorer.com---rae2001.rkbexplorer.com.nt	7
oai.rkbexplorer.com---eprints.rkbexplorer.com.nt	143
eprints.rkbexplorer.com---newcastle.rkbexplorer.com.nt	10
cogprints.org---cogprints.org.nt	129
eprints.rkbexplorer.com---www.edshare.soton.ac.uk.nt	13
acm.rkbexplorer.com---acm.rkbexplorer.com.nt	5231
eprints.kingston.ac.uk---eprints.soton.ac.uk.nt	1
eprints.rkbexplorer.com---data.open.ac.uk.nt	2
newcastle.rkbexplorer.com---newcastle.rkbexplorer.com.nt	13
eprints.lancs.ac.uk---eprints.lancs.ac.uk.nt	765
ibm.rkbexplorer.com---eprints.rkbexplorer.com.nt	1
id.ecs.soton.ac.uk---eprints.ecs.soton.ac.uk.nt	60
positive(48).nt	1
dbpedia.org---sws.geonames.org.nt	88
eprints.ncrm.ac.uk---eprints.ncrm.ac.uk.nt	139
dbpedia.org---ookaboo.com.nt	97
southampton.rkbexplorer.com---eprints.rkbexplorer.com.nt	5581
epub.ub.uni-muenchen.de---epub.ub.uni-muenchen.de.nt	47
eprints.rkbexplorer.com---citeseer.rkbexplorer.com.nt	15
ieee.rkbexplorer.com---kisti.rkbexplorer.com.nt	31
inkel.dnsalias.org---inkel.dnsalias.org.nt	1
citeseer.rkbexplorer.com---eprints.soton.ac.uk.nt	2
dblp.rkbexplorer.com---deploy.rkbexplorer.com.nt	4
geonames_links_en_en.nt	6223
epsrc.rkbexplorer.com---epsrc.rkbexplorer.com.nt	5
lexvo.org---psi.oasis-open.org.nt	10
eprints.lse.ac.uk---eprints.lse.ac.uk.nt	1217
lod.taxonconcept.org---www.uniprot.org.nt	13
d-nb.info---dbpedia.org.nt	139
d-nb.info---id.loc.gov.nt	868
oro.open.ac.uk---centaur.reading.ac.uk.nt	3
positive(53).nt	20
oro.open.ac.uk---nectar.northampton.ac.uk.nt	3
positive(88).nt	6
data.linkedct.org---yago.org.nt	692
openaccess.city.ac.uk---openaccess.city.ac.uk.nt	6
d-nb.info---viaf.org.nt	38161
southampton.rkbexplorer.com---rae2001.rkbexplorer.com.nt	2
data.linkedct.org---dbpedia.org.nt	9
eprints.ibu.edu.ba---eprints.ibu.edu.ba.nt	28
positive(96).nt	1
wrap.warwick.ac.uk---wrap.warwick.ac.uk.nt	1274
irit.rkbexplorer.com---oai.rkbexplorer.com.nt	49
eprints.gla.ac.uk---eprints.gla.ac.uk.nt	1126
ulm.rkbexplorer.com---eprints.rkbexplorer.com.nt	1
southampton.rkbexplorer.com---dblp.rkbexplorer.com.nt	174
nsf.rkbexplorer.com---nsf.rkbexplorer.com.nt	180
dblp.rkbexplorer.com---data.open.ac.uk.nt	21
lisbon.rkbexplorer.com---roma.rkbexplorer.com.nt	1
dblp.rkbexplorer.com---eprints.ecs.soton.ac.uk.nt	14
positive(30).nt	2
ibm.rkbexplorer.com---acm.rkbexplorer.com.nt	5
positive(73).nt	1
eprints.lse.ac.uk---www.zora.uzh.ch.nt	1
eprints.rkbexplorer.com---sro.sussex.ac.uk.nt	2
dbtune.org---dbpedia.org.nt	681
southampton.rkbexplorer.com---acm.rkbexplorer.com.nt	116
moseley.dataincubator.org---discogs.dataincubator.org.nt	3
dotac.rkbexplorer.com---eprints.ecs.soton.ac.uk.nt	3
sws.geonames.org---dbpedia.org.nt	53
logd.tw.rpi.edu---logd.tw.rpi.edu.nt	1
positive(108).nt	14
citeseer.rkbexplorer.com---cordis.rkbexplorer.com.nt	1
oro.open.ac.uk---eprints.lancs.ac.uk.nt	5
eprints.rkbexplorer.com---eprints.lse.ac.uk.nt	1
nektar.oszk.hu---viaf.org.nt	2
dotac.rkbexplorer.com---acm.rkbexplorer.com.nt	33
dblp.rkbexplorer.com---rae2001.rkbexplorer.com.nt	2
newcastle.rkbexplorer.com---deploy.rkbexplorer.com.nt	1
citeseer.rkbexplorer.com---oai.rkbexplorer.com.nt	5650
southampton.rkbexplorer.com---cordis.rkbexplorer.com.nt	7
stitch.cs.vu.nl---id.loc.gov.nt	709
www.rdfabout.com---dbpedia.openlinksw.com.nt	1
etheses.saurashtrauniversity.edu---etheses.saurashtrauniversity.edu.nt	10
laas.rkbexplorer.com---kisti.rkbexplorer.com.nt	2
positive(17).nt	1
eprints.rkbexplorer.com---eprints.rkbexplorer.com.nt	9239
curriculum.rkbexplorer.com---newcastle.rkbexplorer.com.nt	1
eprints.qut.edu.au---eprints.qut.edu.au.nt	1304
southampton.rkbexplorer.com---www.edshare.soton.ac.uk.nt	1
ulm.rkbexplorer.com---ulm.rkbexplorer.com.nt	1
amsacta.unibo.it---amsacta.unibo.it.nt	38
irit.rkbexplorer.com---citeseer.rkbexplorer.com.nt	8
stud.epsilon.slu.se---stud.epsilon.slu.se.nt	7
ieee.rkbexplorer.com---oai.rkbexplorer.com.nt	3
acm.rkbexplorer.com---cordis.rkbexplorer.com.nt	3
semanticweb.org---semanticweb.org.nt	1
semwebdev.keithalexander.co.uk---semwebdev.keithalexander.co.uk.nt	1
laas.rkbexplorer.com---citeseer.rkbexplorer.com.nt	2
rae2001.rkbexplorer.com---kisti.rkbexplorer.com.nt	1
dbpedia.org---linkedgeodata.org.nt	382
www.w3.org---www.w3.org.nt	2
data.linkedct.org---www4.wiwiss.fu-berlin.de.nt	358
statistics.data.gov.uk---statistics.data.gov.uk.nt	1207
data.nytimes.com---data.nytimes.com.nt	184
eprints.kname.edu.ua---eprints.kname.edu.ua.nt	37
ol.dataincubator.org---openlibrary.org.nt	252
statistics.data.gov.uk---dbpedia.org.nt	2
southampton.rkbexplorer.com---eprints.ecs.soton.ac.uk.nt	4076
sro.sussex.ac.uk---eprints.soton.ac.uk.nt	2
repository.mb.ipb.ac.id---repository.mb.ipb.ac.id.nt	26
wiki.rkbexplorer.com---dblp.rkbexplorer.com.nt	16
tuprints.ulb.tu-darmstadt.de---tuprints.ulb.tu-darmstadt.de.nt	7
southampton.rkbexplorer.com---deploy.rkbexplorer.com.nt	1
data.linkedmdb.org---dbpedia.org.nt	1
pub.epsilon.slu.se---pub.epsilon.slu.se.nt	100
lod.geospecies.org---lod.taxonconcept.org.nt	1
data.archiveshub.ac.uk---dbpedia.org.nt	11
dblp.rkbexplorer.com---kisti.rkbexplorer.com.nt	10470
irit.rkbexplorer.com---acm.rkbexplorer.com.nt	3
pefprints.pef.uni-lj.si---pefprints.pef.uni-lj.si.nt	6
rae2001.rkbexplorer.com---eprints.rkbexplorer.com.nt	95
eprints.lancs.ac.uk---archive.lstmliverpool.ac.uk.nt	7
openlylocal.com---data.ordnancesurvey.co.uk.nt	2
acm.rkbexplorer.com---data.open.ac.uk.nt	22
www4.wiwiss.fu-berlin.de---www4.wiwiss.fu-berlin.de.nt	163
pisa.rkbexplorer.com---oai.rkbexplorer.com.nt	1
positive(18).nt	5
researchrepository.murdoch.edu.au---researchrepository.murdoch.edu.au.nt	131
data.archiveshub.ac.uk---viaf.org.nt	3
accept.nt	10
eprints.ums.ac.id---eprints.ums.ac.id.nt	63
ribei.org---ribei.org.nt	36
cordis.rkbexplorer.com---cordis.rkbexplorer.com.nt	400
eprints.mdx.ac.uk---eprints.mdx.ac.uk.nt	81
repository.ubaya.ac.id---repository.ubaya.ac.id.nt	25
repo.uum.edu.my---repo.uum.edu.my.nt	72
eprints.arums.ac.ir---eprints.arums.ac.ir.nt	5
wiki.rkbexplorer.com---oai.rkbexplorer.com.nt	2
create.canterbury.ac.uk---create.canterbury.ac.uk.nt	193
southampton.rkbexplorer.com---cogprints.org.nt	1
positive(7).nt	3
data.linkedmdb.org---mpii.de.nt	49
deploy.rkbexplorer.com---deploy.rkbexplorer.com.nt	13
eprints.oa.edu.ua---eprints.oa.edu.ua.nt	4
publications.eng.cam.ac.uk---publications.eng.cam.ac.uk.nt	2388
sro.sussex.ac.uk---sro.sussex.ac.uk.nt	1104
telegraphis.net---www4.wiwiss.fu-berlin.de.nt	3
sure.sunderland.ac.uk---sure.sunderland.ac.uk.nt	97
File	1
id.loc.gov---id.loc.gov.nt	1844
budapest.rkbexplorer.com---dblp.rkbexplorer.com.nt	5
pisa.rkbexplorer.com---acm.rkbexplorer.com.nt	2
nrl.northumbria.ac.uk---nrl.northumbria.ac.uk.nt	134
eprints.lancs.ac.uk---ualresearchonline.arts.ac.uk.nt	1
www.repo.funde.org---www.repo.funde.org.nt	39
oai.rkbexplorer.com---citeseer.rkbexplorer.com.nt	4694
eprints.adm.unipi.it---eprints.adm.unipi.it.nt	9
usir.salford.ac.uk---usir.salford.ac.uk.nt	604
wiki.rkbexplorer.com---acm.rkbexplorer.com.nt	3
porto.polito.it---publications.eng.cam.ac.uk.nt	1
roma.rkbexplorer.com---acm.rkbexplorer.com.nt	3
oatao.univ-toulouse.fr---oatao.univ-toulouse.fr.nt	95
risks.rkbexplorer.com---oai.rkbexplorer.com.nt	2
irit.rkbexplorer.com---irit.rkbexplorer.com.nt	247
orca.cf.ac.uk---opus.bath.ac.uk.nt	1
worldbank.270a.info---worldbank.270a.info.nt	65
id.ecs.soton.ac.uk---id.ecs.soton.ac.uk.nt	6
roma.rkbexplorer.com---dblp.rkbexplorer.com.nt	3
olrdf.appspot.com---www4.wiwiss.fu-berlin.de.nt	1
epub.uni-regensburg.de---epub.uni-regensburg.de.nt	732
tukart.ulb.tu-darmstadt.de---tukart.ulb.tu-darmstadt.de.nt	10
umbel.org---sw.opencyc.org.nt	2
positive(80).nt	2
positive.nt	1
identi.ca---identi.ca.nt	3
positive(46).nt	2
dbtropes.org---data.linkedmdb.org.nt	33
courseware.rkbexplorer.com---citeseer.rkbexplorer.com.nt	1
oro.open.ac.uk---eprints.mdx.ac.uk.nt	4
bio2rdf.org---lod.taxonconcept.org.nt	13
southampton.rkbexplorer.com---newcastle.rkbexplorer.com.nt	1
dbpedia.org---lexvo.org.nt	16
eprints.rkbexplorer.com---data.semanticweb.org.nt	1
eprints.upnjatim.ac.id---eprints.upnjatim.ac.id.nt	54
data.nytimes.com---rdf.freebase.com.nt	4819
medlib.mef.hr---medlib.mef.hr.nt	3
repository.essex.ac.uk---repository.essex.ac.uk.nt	23
zbw.eu---aims.fao.org.nt	40
laas.rkbexplorer.com---laas.rkbexplorer.com.nt	28
zbw.eu---d-nb.info.nt	541
dbtune.org---bbc.co.uk.nt	12
positive(1).nt	23
ulm.rkbexplorer.com---dblp.rkbexplorer.com.nt	1
eprints.lib.ui.ac.id---eprints.lib.ui.ac.id.nt	64
dbpedia.org---www4.wiwiss.fu-berlin.de.nt	111
dblp.rkbexplorer.com---oai.rkbexplorer.com.nt	9918
newcastle.rkbexplorer.com---dblp.rkbexplorer.com.nt	16
spectrum.library.concordia.ca---spectrum.library.concordia.ca.nt	13
eprints.binus.ac.id---eprints.binus.ac.id.nt	174
wiki.rkbexplorer.com---dotac.rkbexplorer.com.nt	1
data.bibsys.no---dbpedia.org.nt	176
simile.mit.edu---vaclav.synacek.com.nt	1
aquaticcommons.org---aquaticcommons.org.nt	57
shura.shu.ac.uk---shura.shu.ac.uk.nt	92
oai.rkbexplorer.com---newcastle.rkbexplorer.com.nt	10
positive(19).nt	1
business.data.gov.uk---opencorporates.com.nt	6
linkedgeodata.org---sws.geonames.org.nt	23839
eprints.rkbexplorer.com---eprints.bournemouth.ac.uk.nt	4
data.linkedmdb.org---zitgist.com.nt	46
archiviomarini.sp.unipi.it---archiviomarini.sp.unipi.it.nt	6
ibm.rkbexplorer.com---newcastle.rkbexplorer.com.nt	1
courseware.rkbexplorer.com---eprints.rkbexplorer.com.nt	1
eprints.soton.ac.uk---oro.open.ac.uk.nt	1
ieee.rkbexplorer.com---ieee.rkbexplorer.com.nt	10
newcastle.rkbexplorer.com---dotac.rkbexplorer.com.nt	2
wiki.rkbexplorer.com---cordis.rkbexplorer.com.nt	1
revyu.com---revyu.com.nt	1
eprints.gold.ac.uk---opendepot.org.nt	1
dbpedia.org---quotationsbook.com.nt	36
irit.rkbexplorer.com---dblp.rkbexplorer.com.nt	155
oar.icrisat.org---oar.icrisat.org.nt	146
sbs.eprints.org---sbs.eprints.org.nt	181
chrissutton.org---chrissutton.org.nt	1
philsci-archive.pitt.edu---philsci-archive.pitt.edu.nt	166
porto.polito.it---porto.polito.it.nt	3139
eurecom.rkbexplorer.com---dblp.rkbexplorer.com.nt	1
acm.rkbexplorer.com---data.semanticweb.org.nt	2
eprints.rkbexplorer.com---deploy.rkbexplorer.com.nt	1
risks.rkbexplorer.com---dotac.rkbexplorer.com.nt	1
citeseer.rkbexplorer.com---acm.rkbexplorer.com.nt	1
eprints.rkbexplorer.com---data.dev8d.org.nt	1
e-ait.tlulib.ee---e-ait.tlulib.ee.nt	1
orca.cf.ac.uk---orca.cf.ac.uk.nt	754
eprints.rkbexplorer.com---dblp.rkbexplorer.com.nt	15
eprints.port.ac.uk---eprints.port.ac.uk.nt	43
eprints.uthm.edu.my---eprints.uthm.edu.my.nt	76
eprints.rkbexplorer.com---oro.open.ac.uk.nt	4
dotac.rkbexplorer.com---laas.rkbexplorer.com.nt	2
budapest.rkbexplorer.com---kisti.rkbexplorer.com.nt	3
irit.rkbexplorer.com---eprints.rkbexplorer.com.nt	1
citeseer.rkbexplorer.com---citeseer.rkbexplorer.com.nt	2747
aei.pitt.edu---aei.pitt.edu.nt	33
bio2rdf.org---dbpedia.org.nt	17
eprints.rkbexplorer.com---eprints.ecs.soton.ac.uk.nt	895
oai.rkbexplorer.com---dblp.rkbexplorer.com.nt	9058
positive(28).nt	2
eprints.soton.ac.uk---eprints.wmin.ac.uk.nt	1
eprints.biblio.unitn.it---eprints.biblio.unitn.it.nt	22
citeseer.rkbexplorer.com---kisti.rkbexplorer.com.nt	16364
southampton.rkbexplorer.com---southampton.rkbexplorer.com.nt	3023
alphajuliet.com---alphajuliet.com.nt	1
repository.alt.ac.uk---oro.open.ac.uk.nt	4
acm.rkbexplorer.com---kisti.rkbexplorer.com.nt	7256
eprints.rkbexplorer.com---eprints.soton.ac.uk.nt	10107
eprints.rkbexplorer.com---rae2001.rkbexplorer.com.nt	35
d-nb.info---d-nb.info.nt	320
southampton.rkbexplorer.com---oro.open.ac.uk.nt	3
eprints.bham.ac.uk---eprints.bham.ac.uk.nt	16
www.rdfabout.com---sws.geonames.org.nt	3
positive(44).nt	21
acm.rkbexplorer.com---dblp.rkbexplorer.com.nt	874
ulm.rkbexplorer.com---citeseer.rkbexplorer.com.nt	1
amslaurea.unibo.it---amslaurea.unibo.it.nt	1
acm.rkbexplorer.com---oai.rkbexplorer.com.nt	5356
pub.epsilon.slu.se---ualresearchonline.arts.ac.uk.nt	1
eprints-godo.gold.ac.uk---eprints-godo.gold.ac.uk.nt	10
positive(26).nt	14
eprints.sdu.edu.tr---eprints.sdu.edu.tr.nt	3
eprints.nwisrl.ars.usda.gov---eprints.nwisrl.ars.usda.gov.nt	48
eprints.zu.edu.ua---eprints.zu.edu.ua.nt	11
southampton.rkbexplorer.com---data.open.ac.uk.nt	41
positive(60).nt	105
orca.cf.ac.uk---archive.lstmliverpool.ac.uk.nt	1
mpii.de---dbpedia.org.nt	356
www.uniprot.org---lod.taxonconcept.org.nt	17
simia.net---www.aifb.uni-karlsruhe.de.nt	1
ebooks.ulb.tu-darmstadt.de---ebooks.ulb.tu-darmstadt.de.nt	395
newcastle.rkbexplorer.com---acm.rkbexplorer.com.nt	21
acm.rkbexplorer.com---nsf.rkbexplorer.com.nt	6
risks.rkbexplorer.com---deploy.rkbexplorer.com.nt	1
roma.rkbexplorer.com---kisti.rkbexplorer.com.nt	2
acm.rkbexplorer.com---ieee.rkbexplorer.com.nt	3
rae2001.rkbexplorer.com---dotac.rkbexplorer.com.nt	857
real.mtak.hu---real.mtak.hu.nt	5
lod.geospecies.org---purl.uniprot.org.nt	17
pisa.rkbexplorer.com---citeseer.rkbexplorer.com.nt	1
lod.taxonconcept.org---dbpedia.org.nt	15
nuts.psi.enakting.org---rdf.freebase.com.nt	23
openlylocal.com---statistics.data.gov.uk.nt	2
eprints.soton.ac.uk---eprints.lancs.ac.uk.nt	1
oro.open.ac.uk---eprints.lse.ac.uk.nt	2
acm.rkbexplorer.com---graph.facebook.com.nt	1
dotac.rkbexplorer.com---citeseer.rkbexplorer.com.nt	358
statistics.data.gov.uk---data.ordnancesurvey.co.uk.nt	6494
eprints.unsri.ac.id---eprints.unsri.ac.id.nt	4
data.europeana.eu---nektar.oszk.hu.nt	3
southampton.rkbexplorer.com---rdf.freebase.com.nt	1
zbw.eu---lod.gesis.org.nt	489
oai.rkbexplorer.com---acm.rkbexplorer.com.nt	8
rae2001.rkbexplorer.com---acm.rkbexplorer.com.nt	3
dbpedia.org---data.nytimes.com.nt	1
eprints.soton.ac.uk---sro.sussex.ac.uk.nt	1
pisa.rkbexplorer.com---pisa.rkbexplorer.com.nt	7
courseware.rkbexplorer.com---dblp.rkbexplorer.com.nt	2
citeseer.rkbexplorer.com---nsf.rkbexplorer.com.nt	1
dblp.rkbexplorer.com---citeseer.rkbexplorer.com.nt	27
rdf.freebase.com---dbpedia.org.nt	2
ulm.rkbexplorer.com---cordis.rkbexplorer.com.nt	1
business.data.gov.uk---business.data.gov.uk.nt	29
eprints.ru.ac.za---eprints.ru.ac.za.nt	12
researchrepository.napier.ac.uk---researchrepository.napier.ac.uk.nt	66
id.loc.gov---stitch.cs.vu.nl.nt	1729
repository.nms.ac.uk---repository.nms.ac.uk.nt	7
eprints.mdp.ac.id---eprints.mdp.ac.id.nt	6
clok.uclan.ac.uk---clok.uclan.ac.uk.nt	105
dotac.rkbexplorer.com---newcastle.rkbexplorer.com.nt	23
periodicals.dataincubator.org---periodicals.dataincubator.org.nt	28266
newcastle.rkbexplorer.com---oai.rkbexplorer.com.nt	9
centaur.reading.ac.uk---centaur.reading.ac.uk.nt	548
simile.mit.edu---simile.mit.edu.nt	1
acm.rkbexplorer.com---rae2001.rkbexplorer.com.nt	2
languagebox.ac.uk---languagebox.ac.uk.nt	1
downlode.org---danbri.org.nt	1
positive(59).nt	1
ri.ues.edu.sv---ri.ues.edu.sv.nt	4
sw.opencyc.org---umbel.org.nt	89
southampton.rkbexplorer.com---data.semanticweb.org.nt	7
positive(37).nt	2
kisti.rkbexplorer.com---data.semanticweb.org.nt	1
cordis.rkbexplorer.com---eprints.rkbexplorer.com.nt	3
kmi.open.ac.uk---kmi.open.ac.uk.nt	1
oai.rkbexplorer.com---irit.rkbexplorer.com.nt	7
courseware.rkbexplorer.com---acm.rkbexplorer.com.nt	1
pf-mh.uvt.rnu.tn---pf-mh.uvt.rnu.tn.nt	14
nulan.mdp.edu.ar---nulan.mdp.edu.ar.nt	189
data.open.ac.uk---data.open.ac.uk.nt	4808
bio2rdf.org---bio2rdf.org.nt	202749
data.bibsys.no---d-nb.info.nt	7807
www4.wiwiss.fu-berlin.de---data.linkedct.org.nt	134
dbpedia.org---zitgist.com.nt	445
eprints.kfupm.edu.sa---eprints.kfupm.edu.sa.nt	642
dblp.rkbexplorer.com---dblp.l3s.de.nt	25516
oai.rkbexplorer.com---southampton.rkbexplorer.com.nt	1393
www.bbc.co.uk---dbpedia.org.nt	32
risks.rkbexplorer.com---risks.rkbexplorer.com.nt	1
opendepot.org---opendepot.org.nt	33
dbtune.org---fr.wikipedia.org.nt	2
my.opera.com---my.opera.com.nt	4921
dbtune.org---zitgist.com.nt	51
dblp.rkbexplorer.com---www.johngoodwin.me.uk.nt	1
positive(113).nt	2
thefigtrees.net---thefigtrees.net.nt	1
rae2001.rkbexplorer.com---eprints.soton.ac.uk.nt	2
southampton.rkbexplorer.com---www4.wiwiss.fu-berlin.de.nt	1
resex.rkbexplorer.com---resex.rkbexplorer.com.nt	8
ru.iiec.unam.mx---ru.iiec.unam.mx.nt	16
curriculum.rkbexplorer.com---citeseer.rkbexplorer.com.nt	1
dotac.rkbexplorer.com---southampton.rkbexplorer.com.nt	29
acm.rkbexplorer.com---dotac.rkbexplorer.com.nt	238
opus.bath.ac.uk---opus.bath.ac.uk.nt	685
depot.knaw.nl---depot.knaw.nl.nt	121
laas.rkbexplorer.com---dblp.rkbexplorer.com.nt	21
www4.wiwiss.fu-berlin.de---dbpedia.org.nt	3
d-scholarship.pitt.edu---d-scholarship.pitt.edu.nt	77
eprints.lse.ac.uk---eprints.kingston.ac.uk.nt	1
id.southampton.ac.uk---id.southampton.ac.uk.nt	5
budapest.rkbexplorer.com---newcastle.rkbexplorer.com.nt	1
id.ndl.go.jp---id.ndl.go.jp.nt	5133
newcastle.rkbexplorer.com---eprints.rkbexplorer.com.nt	4
rae2001.rkbexplorer.com---oai.rkbexplorer.com.nt	11
repository.alt.ac.uk---repository.alt.ac.uk.nt	15
health-equity.pitt.edu---health-equity.pitt.edu.nt	10
epapers.bham.ac.uk---epapers.bham.ac.uk.nt	11
gala.gre.ac.uk---archive.lstmliverpool.ac.uk.nt	7
eprints.gold.ac.uk---eprints.gold.ac.uk.nt	198
b4mad.net---b4mad.net.nt	1
eprints.sunan-ampel.ac.id---eprints.sunan-ampel.ac.id.nt	13
chem2bio2rdf.org---www.dbpedia.org.nt	22
dbtune.org---dbtune.org.nt	128802
southampton.rkbexplorer.com---dotac.rkbexplorer.com.nt	481
positive(104).nt	20
data.nytimes.com---dbpedia.org.nt	19
purl.uniprot.org---lod.geospecies.org.nt	1
eprints.rkbexplorer.com---oai.rkbexplorer.com.nt	15741
dbtune.org---ja.wikipedia.org.nt	1
dbtropes.org---dbtropes.org.nt	7882
positive(77).nt	3
positive(64).nt	11
transport.data.gov.uk---statistics.data.gov.uk.nt	111
positive(2).nt	14
eprints.kingston.ac.uk---eprints.kingston.ac.uk.nt	440
dbtune.org---fi.wikipedia.org.nt	1
ibm.rkbexplorer.com---citeseer.rkbexplorer.com.nt	2
sw.opencyc.org---dbpedia.org.nt	687
acm.rkbexplorer.com---eprints.ecs.soton.ac.uk.nt	5
oro.open.ac.uk---eprints.kingston.ac.uk.nt	2
oai.rkbexplorer.com---rae2001.rkbexplorer.com.nt	191
demo.semantic-web.at---dbpedia.org.nt	1
data.linkedmdb.org---sws.geonames.org.nt	5
newcastle.rkbexplorer.com---kisti.rkbexplorer.com.nt	22
oro.open.ac.uk---eprints.gla.ac.uk.nt	5
revyu.com---www.google.com.nt	1
telegraphis.net---www.geonames.org.nt	5
southampton.rkbexplorer.com---eprints.soton.ac.uk.nt	3711
eprints.bournemouth.ac.uk---eprints.bournemouth.ac.uk.nt	592
opendepot.org---pub.epsilon.slu.se.nt	2
rae2001.rkbexplorer.com---newcastle.rkbexplorer.com.nt	5
eprints.hud.ac.uk---eprints.hud.ac.uk.nt	429
eprints.uanl.mx---eprints.uanl.mx.nt	17
positive(36).nt	2
sw.opencyc.org---sw.opencyc.org.nt	130695
dbpedia.org---data.open.ac.uk.nt	28
lod.geospecies.org---species.geospecies.org.nt	39
worldbank.270a.info---dbpedia.org.nt	3
ol.dataincubator.org---www4.wiwiss.fu-berlin.de.nt	6670
dblp.rkbexplorer.com---ieee.rkbexplorer.com.nt	7
nektar.oszk.hu---dbpedia.org.nt	51
depot-e.uqtr.ca---depot-e.uqtr.ca.nt	5
eprints.ecs.soton.ac.uk---eprints.soton.ac.uk.nt	106
southampton.rkbexplorer.com---nsf.rkbexplorer.com.nt	4
eprints.rkbexplorer.com---irit.rkbexplorer.com.nt	25
eprints.fri.uni-lj.si---eprints.fri.uni-lj.si.nt	2
rae2001.rkbexplorer.com---rae2001.rkbexplorer.com.nt	8502
linkedgeodata_links.nt	2856
eprints.iisc.ernet.in---eprints.iisc.ernet.in.nt	722
constellation.uqac.ca---constellation.uqac.ca.nt	9
citeseer.rkbexplorer.com---eprints.rkbexplorer.com.nt	93
kisti.rkbexplorer.com---kisti.rkbexplorer.com.nt	396
ualresearchonline.arts.ac.uk---ualresearchonline.arts.ac.uk.nt	78
positive(42).nt	2
citeseer.rkbexplorer.com---dotac.rkbexplorer.com.nt	110
eprints.soton.ac.uk---eprints.ecs.soton.ac.uk.nt	17
eprints.soton.ac.uk---eprints.lse.ac.uk.nt	1
pisa.rkbexplorer.com---eprints.rkbexplorer.com.nt	1
eprints.rkbexplorer.com---kisti.rkbexplorer.com.nt	2
etheses.bham.ac.uk---etheses.bham.ac.uk.nt	1
data.dev8d.org---data.dev8d.org.nt	27
wiki.rkbexplorer.com---citeseer.rkbexplorer.com.nt	3
ibm.rkbexplorer.com---ibm.rkbexplorer.com.nt	4
budapest.rkbexplorer.com---citeseer.rkbexplorer.com.nt	1
epub.wu.ac.at---epub.wu.ac.at.nt	9
positive(57).nt	3
positive(91).nt	18
dblp.rkbexplorer.com---dotac.rkbexplorer.com.nt	2625
oro.open.ac.uk---oro.open.ac.uk.nt	612
curriculum.rkbexplorer.com---curriculum.rkbexplorer.com.nt	5
eprints.umm.ac.id---eprints.umm.ac.id.nt	103
laas.rkbexplorer.com---acm.rkbexplorer.com.nt	2
lod.geospecies.org---bio2rdf.org.nt	6
repository.unib.ac.id---repository.unib.ac.id.nt	2
ibm.rkbexplorer.com---dblp.rkbexplorer.com.nt	21
www.zora.uzh.ch---www.zora.uzh.ch.nt	481
dblp.rkbexplorer.com---dblp.rkbexplorer.com.nt	428182
dotac.rkbexplorer.com---dblp.rkbexplorer.com.nt	3968
edtb.euskomedia.org---edtb.euskomedia.org.nt	239
norman.walsh.name---norman.walsh.name.nt	11
dotac.rkbexplorer.com---eprints.rkbexplorer.com.nt	53074
deploy.rkbexplorer.com---oai.rkbexplorer.com.nt	1
laas.rkbexplorer.com---oai.rkbexplorer.com.nt	3
jisc.rkbexplorer.com---oai.rkbexplorer.com.nt	3
irit.rkbexplorer.com---kisti.rkbexplorer.com.nt	3
lod.geospecies.org---dbpedia.org.nt	27
irep.iium.edu.my---irep.iium.edu.my.nt	458
dotac.rkbexplorer.com---ieee.rkbexplorer.com.nt	1
zbw.eu---dbpedia.org.nt	236
ibm.rkbexplorer.com---ieee.rkbexplorer.com.nt	1
dblp.rkbexplorer.com---eprints.rkbexplorer.com.nt	27
dbtropes.org---dbpedia.org.nt	40
oai.rkbexplorer.com---eprints.ecs.soton.ac.uk.nt	8
repo.isi-dps.ac.id---repo.isi-dps.ac.id.nt	23
jisc.rkbexplorer.com---dotac.rkbexplorer.com.nt	3
positive(20).nt	1
